Date,ecsa trip spore/jpn (from recalada),usg trip spore/jpn rge (Handy),cont trip spore/jpn rge (Handy),usg trip cont(arag rge) (Handy),canakkale trip pmo/india (basis 30 day coal wci) (Handy),ecsa trip spore/jpn (smax from santos),usg trip spore/jpn rge (Smax),cont trip spore/jpn rge (Smax),usg trip cont(arag rge) (Smax),canakkale trip pmo/india (basis 30 day coal wci) (Smax),Cape Avg 5TC,Pmx Avg 5TC,Pmx Avg 4TC,Smx Avg 11TC,Smx Avg 10TC,Handysize Avg 7TC
2018-01-04,,,,,,13.75,23.0,18.0,20.5,16.0,19.2995,11.9527,10.944,,10.113,
2018-01-11,,,,,,13.5,25.0,20.0,22.5,16.0,17.8535,12.092450000000001,10.994,,10.373,
2018-01-18,,,,,,13.5,25.0,18.75,22.5,17.0,12.3115,11.7578,10.51725,,10.466,
2018-01-25,,,,,,13.5,23.0,18.0,20.5,17.0,13.936,13.28515,11.87125,,10.335,
2018-02-01,,,,,,13.25,22.0,17.5,18.0,17.5,11.791129999999999,12.30995,11.04625,,9.978,
2018-02-08,,,,,,13.0,19.0,17.5,15.0,17.0,13.20825,11.2655,10.13425,,9.485,
2018-02-15,,,,,,13.0,22.5,17.5,16.0,17.5,12.82838,11.244200000000001,10.04325,,9.536,
2018-02-22,,,,,,14.0,23.5,19.5,17.5,18.5,13.512129999999999,13.0257,11.529,,10.008,
2018-03-01,16.5,17.0,16.0,14.75,16.0,13.5,24.5,20.0,18.0,20.5,12.3945,13.502450000000001,12.07375,,11.265,10.183399999999999
2018-03-08,16.0,17.0,16.0,14.75,16.0,13.5,24.5,20.0,18.0,20.5,11.6685,14.28125,12.7625,,11.589,10.67738
2018-03-15,19.0,17.5,16.5,15.25,15.0,14.25,25.5,21.0,19.5,20.0,9.8685,14.581,12.995,,12.178,11.07985
2018-03-22,18.25,16.5,16.5,14.5,15.0,15.0,23.0,21.0,18.0,19.0,8.87975,14.4601,12.7965,,12.599,11.31822
2018-04-05,18.75,16.0,15.5,13.25,14.5,14.25,21.5,19.5,16.0,19.0,7.0505,12.3926,10.7765,,11.588,11.35625
2018-04-12,17.75,14.5,15.75,11.0,14.5,13.75,20.0,19.75,15.0,18.0,8.36188,12.38265,10.72175,,11.233,10.98785
2018-04-19,16.75,14.5,15.75,11.0,14.25,13.75,22.0,20.25,16.0,18.5,13.66513,12.146049999999999,10.485,,11.312,10.79463
2018-04-27,15.75,14.0,15.0,10.0,14.0,13.525,22.0,20.5,16.5,18.0,17.71313,11.79755,10.24975,,11.507,10.44603
2018-05-04,15.0,13.0,14.5,9.5,14.0,13.25,20.5,20.5,15.0,17.5,18.30825,11.69585,10.1755,,11.543,10.1184
2018-05-11,15.0,13.5,14.5,10.0,13.5,13.0,18.0,18.0,13.0,17.25,20.68438,11.506,10.0335,,11.462,10.06703
2018-05-17,14.0,13.0,14.0,10.0,13.5,12.75,17.0,17.0,12.0,17.0,16.511,11.353950000000001,9.99275,,11.478,10.15358
2018-05-24,14.0,12.5,14.0,9.75,13.0,12.75,18.0,17.0,12.5,16.0,11.8475,11.028450000000001,9.692450000000001,,11.461,10.117700000000001
2018-05-31,14.0,12.5,14.0,9.75,13.0,13.25,18.0,17.0,12.5,16.0,11.7225,10.719,9.34775,,11.353,10.05983
2018-06-07,14.0,12.0,14.0,9.0,13.0,13.75,21.0,17.0,15.5,15.0,18.13438,12.3101,10.806,,11.521,10.131879999999999
2018-06-14,16.5,13.5,14.5,11.25,13.0,13.75,22.0,18.0,17.0,15.0,17.97625,13.4575,12.03025,,11.783,10.31985
2018-06-21,16.5,14.0,14.0,11.0,13.5,13.75,21.0,17.5,17.0,16.0,16.45925,12.42665,11.11225,,11.858,10.400049999999998
2018-06-28,15.0,14.0,14.0,11.0,12.5,13.25,18.5,17.5,15.0,15.75,16.64825,12.015450000000001,10.6955,,11.418,10.207600000000001
2018-07-05,15.5,14.0,14.0,10.5,12.0,13.35,20.0,17.0,16.0,17.0,24.04463,12.032350000000001,10.75625,,10.931,9.8762
2018-07-12,16.75,14.0,14.0,11.25,12.0,13.5,20.0,19.5,16.0,20.0,23.51425,13.24655,12.154,,10.907,9.75535
2018-07-19,16.5,14.0,14.0,11.5,14.0,13.5,20.25,19.75,16.0,21.0,23.827,13.346950000000001,12.30675,,11.155,9.917629999999999
2018-07-27,15.0,14.0,14.0,10.5,15.0,13.75,20.5,19.75,16.5,21.0,23.82425,13.71795,12.69475,,11.404,9.823049999999999
2018-08-02,15.0,13.0,13.0,10.0,15.0,13.75,20.0,18.5,16.0,22.0,26.42325,12.95585,11.928,,11.378,9.57525
2018-08-10,16.0,13.5,13.5,9.25,16.0,13.75,22.0,19.5,18.5,22.5,25.621,11.841,10.724,,11.494,9.44733
2018-08-16,15.5,14.0,14.75,9.5,16.0,13.75,23.0,20.5,19.5,23.5,25.59188,12.733450000000001,11.59425,,11.619,9.45723
2018-08-23,15.0,15.0,15.5,10.5,16.0,14.0,23.0,21.5,19.0,23.5,24.04238,14.1652,12.8695,,12.025,9.49933
2018-08-30,15.0,15.0,15.0,11.75,16.0,13.75,22.0,20.5,18.5,22.0,21.3535,14.19015,12.876,,12.442,9.715549999999999
2018-09-07,16.5,16.0,14.5,12.5,16.0,13.75,22.0,19.0,18.5,22.0,18.67638,13.5486,12.24925,,12.514,9.99183
2018-09-13,16.5,17.0,14.5,13.0,18.0,14.25,22.5,18.5,18.0,23.0,15.93813,13.685049999999999,12.3095,,12.515,10.2173
2018-09-20,18.75,17.5,14.5,14.25,16.0,14.5,24.0,19.0,18.0,23.0,15.82725,14.09715,12.49925,,12.942,10.78635
2018-09-27,18.0,17.0,14.5,14.25,20.0,14.75,25.0,19.5,19.0,24.0,17.96863,15.2864,13.55225,,13.282,11.10783
2018-10-05,20.0,17.0,14.5,15.0,20.0,15.0,25.0,19.5,19.0,24.5,18.02638,15.658700000000001,13.84925,,13.327,11.260399999999999
2018-10-11,20.5,22.0,14.5,16.75,20.0,15.5,25.0,20.0,19.0,25.0,17.205,15.93905,14.1325,,13.431,11.51465
2018-10-18,20.5,21.0,14.5,16.5,22.0,15.0,25.5,20.0,19.5,26.0,18.49125,16.0126,14.327,,13.183,11.745479999999999
2018-10-25,21.0,21.0,14.0,17.5,24.0,14.5,25.5,19.75,19.5,26.0,18.662,14.45975,12.9925,,12.671,11.859729999999999
2018-11-01,21.5,19.5,14.0,16.75,20.0,14.0,23.5,19.5,19.5,25.0,18.692880000000002,13.7999,12.22875,,11.857,11.7914
2018-11-08,21.5,19.0,14.0,16.25,18.0,14.25,24.5,19.5,21.5,23.75,13.2865,13.483,11.98475,,11.346,11.6422
2018-11-15,19.75,18.5,14.5,16.0,17.5,14.25,23.0,19.5,21.5,23.75,8.45838,13.0027,11.73125,,10.997,11.54923
2018-11-22,19.7,18.0,14.5,16.5,19.5,14.0,25.0,19.5,23.5,27.0,8.950629999999999,12.05065,11.0175,,10.964,11.359
2018-11-29,21.0,18.0,14.5,16.75,19.5,14.0,26.0,20.25,26.0,26.0,15.1075,12.64845,11.63625,,10.908,11.14458
2018-12-06,22.0,17.5,14.0,17.5,19.0,14.25,26.0,23.0,26.0,23.0,16.39125,12.7373,11.77725,,10.996,11.1314
2018-12-13,22.0,15.5,14.0,14.25,18.0,14.5,26.0,22.5,26.0,23.0,16.9765,12.719149999999999,11.67225,,11.2,11.07348
2018-12-20,22.0,16.0,15.0,11.0,18.0,14.75,25.0,22.5,25.5,23.0,15.6235,12.8446,11.79325,,11.3,10.643049999999999
2019-01-03,17.5,14.0,14.0,9.25,16.0,13.25,24.0,19.75,21.5,19.5,15.19388,12.05165,10.93775,,11.025,
2019-01-10,16.0,14.0,14.0,8.75,14.5,12.75,20.0,19.75,15.5,18.5,15.1965,10.52665,9.404,,9.955,
2019-01-17,14.0,11.0,12.0,7.0,13.0,12.0,15.0,16.0,8.5,16.0,14.44038,9.4858,8.41025,,8.226,
2019-01-24,12.0,10.0,8.0,6.25,12.5,10.0,13.5,10.0,7.0,14.5,13.373,7.7344,6.67125,,6.784,
2019-01-31,11.0,9.0,8.0,5.75,10.5,9.5,12.0,10.0,6.0,12.5,9.197629999999998,6.08315,4.609,,5.379,
2019-02-07,13.0,11.0,9.0,7.75,11.5,11.5,18.5,10.5,11.0,12.5,8.2295,6.0142,4.50625,,4.84,
2019-02-14,13.0,11.0,9.0,7.75,11.5,11.5,18.5,10.5,11.0,12.5,7.342,6.5053,4.9875,,6.161,
2019-02-21,14.0,12.0,9.5,8.5,12.5,12.25,17.0,11.0,11.0,13.5,5.9878800000000005,6.763850000000001,5.296,,7.736,
2019-02-28,15.25,12.0,11.0,8.5,13.75,12.5,16.0,13.5,10.5,14.5,5.28988,8.2456,6.54825,,8.329,
2019-03-07,15.5,12.25,12.25,9.0,13.75,12.5,17.0,14.75,10.5,16.5,4.26325,9.205,7.454,,8.767,
2019-03-14,16.5,12.5,12.5,9.0,11.75,13.5,16.0,14.75,10.5,14.5,5.32113,8.491,6.771,,8.714,
2019-03-21,17.25,13.5,12.75,9.75,11.0,13.75,17.0,15.0,11.5,14.0,4.51063,9.9192,8.105,,9.038,
2019-03-28,17.25,12.5,13.5,10.25,10.5,13.0,17.5,15.5,13.5,14.5,3.87175,10.3969,8.69975,,9.198,
2019-04-04,17.25,11.0,12.25,8.5,9.5,12.5,16.5,16.25,12.5,14.0,4.3685,10.591,8.9855,,8.474,
2019-04-11,16.0,10.0,11.75,6.5,9.5,12.5,16.5,15.5,11.5,13.5,5.77525,10.03935,8.557,,8.004,
2019-04-18,14.75,10.0,11.25,6.0,9.5,12.5,17.0,15.0,11.5,13.5,6.62438,10.8649,9.295,,8.199,
2019-04-25,14.0,10.25,14.25,6.25,11.0,12.5,17.0,16.5,11.5,14.0,8.09238,10.9617,9.44975,,8.712,
2019-05-02,14.0,10.25,14.25,6.25,11.0,12.75,16.5,16.5,11.5,14.0,12.34563,11.04395,9.51625,,8.431,
2019-05-09,14.0,10.0,13.5,6.0,11.0,13.0,16.5,15.75,11.0,14.0,10.70775,11.1085,9.5475,,8.63,
2019-05-16,13.25,10.0,12.75,5.75,11.5,13.0,17.5,14.0,12.0,14.5,11.70488,11.65965,10.0225,,8.757,
2019-05-23,13.25,10.5,11.75,5.5,12.0,13.0,19.5,13.25,13.0,16.0,12.403,12.061,10.308,,8.768,
2019-05-29,14.0,11.5,11.0,6.5,11.0,13.0,18.5,15.0,13.5,16.5,13.16325,12.4711,10.7115,,8.624,
2019-06-06,15.75,12.0,11.0,7.0,10.5,13.25,18.0,14.75,13.5,16.5,14.769,11.70715,9.99675,,8.242,
2019-06-13,15.75,13.5,11.0,8.25,11.0,13.5,18.0,14.75,13.5,16.0,13.620629999999998,10.86795,9.13475,,8.094,
2019-06-20,15.75,14.5,11.75,10.0,12.0,13.5,18.5,15.25,14.0,18.0,16.869,10.3803,8.837,,8.483,
2019-06-27,16.75,14.5,12.25,12.75,14.0,13.25,19.75,15.75,14.25,21.0,19.296380000000003,11.46265,9.9595,,8.962,
2019-07-04,17.25,16.5,12.25,13.25,14.25,13.75,22.0,15.75,16.5,21.5,26.085,13.8975,12.539,,9.344,
2019-07-11,19.0,17.0,15.5,13.5,17.5,14.75,24.0,18.0,17.5,28.0,26.705,16.261950000000002,15.0175,,9.897,
2019-07-18,22.0,17.0,16.0,13.75,17.5,15.0,26.0,19.0,18.5,30.0,32.218630000000005,17.984,17.05275,,10.979,
2019-07-25,18.5,16.5,17.0,13.0,14.5,14.75,25.0,19.5,17.0,28.0,26.92825,18.18955,17.43075,,11.577,
2019-08-01,18.25,16.5,16.25,13.0,14.5,15.0,25.0,19.25,17.0,25.0,26.07788,15.44925,14.54725,,11.111,
2019-08-08,19.0,16.5,16.0,12.0,16.5,15.75,24.0,19.5,15.5,25.0,23.79275,15.81765,14.70075,,10.938,
2019-08-15,21.5,17.5,16.5,14.0,16.5,16.25,27.0,24.0,17.5,30.0,29.1315,18.402900000000002,17.19825,,12.22,
2019-08-22,22.5,19.0,18.0,14.75,17.5,16.5,28.0,26.5,20.5,30.0,29.49562,18.96115,17.45625,,13.84,
2019-08-29,22.5,19.0,19.0,16.0,17.0,17.0,29.0,26.5,22.0,29.0,32.199619999999996,19.7699,18.0115,,14.96,
2019-09-05,22.5,20.0,19.5,16.25,17.0,16.75,30.0,28.5,23.5,30.0,37.64488,19.5534,17.89825,,15.199,
2019-09-12,22.5,20.0,20.0,15.0,19.25,16.75,30.0,27.5,22.0,30.0,34.411120000000004,18.450950000000002,17.0505,,14.726,
2019-09-19,27.0,21.5,20.0,17.0,21.0,16.75,31.0,27.5,23.0,32.0,31.45388,17.596400000000003,16.424,,14.669,
2019-09-26,24.0,20.5,20.0,16.5,21.0,15.25,29.0,27.5,21.0,31.0,27.18325,15.825299999999999,14.78075,,14.387,
2019-10-03,22.5,19.5,20.0,14.5,19.0,15.25,26.0,24.0,19.0,27.0,23.409380000000002,14.7904,13.79625,,13.539,
2019-10-10,21.5,19.5,19.0,14.5,18.5,15.5,25.0,26.0,18.5,27.0,26.646,16.2799,15.22025,,13.536,
2019-10-17,22.5,19.0,18.0,14.0,18.0,15.75,25.0,25.0,18.0,27.0,25.12313,15.91375,14.923,,13.624,
2019-10-24,20.5,18.0,17.5,12.75,17.0,15.0,23.5,23.0,16.0,26.0,24.11225,14.9171,14.01175,,13.333,
2019-10-31,16.0,17.0,16.5,10.75,16.0,13.75,21.0,20.0,13.0,23.0,24.91775,13.371450000000001,12.37975,,12.111,
2019-11-07,15.5,16.0,15.0,9.0,14.0,13.0,20.0,19.0,12.0,20.5,20.32963,11.659799999999999,10.76375,,9.726,
2019-11-14,15.25,15.5,13.0,9.0,14.0,12.75,20.0,16.0,12.0,16.5,20.961380000000002,10.1385,9.12625,,8.408,
2019-11-21,15.0,16.0,15.0,9.25,14.0,12.25,21.5,17.5,14.0,18.0,18.3495,9.942,9.06575,,8.3,
2019-11-28,16.0,14.0,15.0,9.75,14.0,12.75,22.5,17.5,15.0,19.0,22.775,10.23915,8.90315,,9.172,
2019-12-05,16.0,13.5,14.25,9.5,13.5,12.75,23.0,16.5,16.5,19.5,24.22925,11.694600000000001,10.7035,,9.478,
2019-12-12,16.0,14.5,14.0,10.0,13.5,13.75,23.0,16.5,17.0,18.5,18.77375,12.68085,11.686,,9.552,
2019-12-19,16.0,15.0,14.0,10.5,13.0,13.0,22.0,16.25,15.5,17.5,14.57475,11.062,10.129,,8.805,
2020-01-02,16.0,14.0,13.0,10.0,13.0,12.27,19.0,14.0,14.0,15.0,11.97625,9.0311,7.6951,,7.539,6.41
2020-01-09,16.25,13.0,12.5,9.0,12.0,13.0,20.0,16.0,15.5,14.5,9.198879999999999,7.0631,5.7271,,6.392,7.53
2020-01-16,18.0,12.5,12.5,9.0,12.0,13.0,19.0,15.0,14.0,14.5,8.80138,7.7266,6.3906,,6.151,6.90008
2020-01-23,16.0,12.0,12.5,8.75,12.0,12.0,18.0,17.0,13.5,19.0,5.0705,6.425050000000001,5.08905,,6.002,6.705
2020-01-30,14.0,11.0,10.5,8.25,12.0,11.75,18.0,15.0,12.5,19.0,4.08113,5.35135,4.01535,,5.804,6.09408
2020-02-06,12.75,11.5,11.0,8.25,12.0,10.25,19.0,14.0,11.5,18.5,3.02063,4.77295,3.43695,,5.57,5.5581499999999995
2020-02-13,12.5,12.0,12.0,8.25,11.0,10.5,18.5,15.0,12.0,17.5,2.53225,5.506399999999999,4.1704,,5.152,5.25273
2020-02-20,14.0,13.0,14.0,9.0,11.0,11.5,19.5,17.0,12.5,18.0,2.735,6.79555,5.45955,,5.556,5.3614
2020-02-27,15.0,14.0,14.0,9.5,11.5,13.0,19.5,17.0,12.5,19.0,2.367,7.9718,6.635800000000001,,6.49,5.794479999999999
2020-03-05,16.0,15.0,16.0,10.5,14.0,13.25,20.5,18.5,13.75,20.5,2.51463,9.23105,7.89505,,7.377,6.18843
2020-03-12,16.5,16.0,14.0,12.5,15.0,12.75,21.0,19.5,14.5,22.0,2.6915,9.31445,7.97845,,8.19,6.94793
2020-03-19,16.5,16.5,16.0,13.0,16.0,12.0,21.5,19.0,15.0,21.0,3.84288,7.65155,6.31555,,8.231,7.56905
2020-03-26,14.0,14.0,14.0,10.5,16.0,10.0,19.5,17.0,11.25,18.5,3.81788,6.43715,5.10115,,7.426,7.465529999999999
2020-04-02,11.5,12.0,13.0,8.5,16.0,10.5,15.5,14.0,9.0,18.5,6.013,7.13135,5.79535,,5.64,6.29915
2020-04-09,10.75,12.0,11.0,6.5,12.5,10.5,12.0,13.0,6.0,15.0,6.7615,7.3146,5.9786,,4.852,5.50938
2020-04-16,10.75,9.5,10.0,5.5,11.5,10.0,11.0,11.0,5.0,14.0,9.223379999999999,7.3921,6.056100000000001,,4.522,5.06318
2020-04-23,10.75,9.5,10.0,5.5,11.5,10.0,10.5,10.0,5.0,14.0,8.53125,6.83195,5.49595,,4.208,4.55605
2020-04-30,10.25,9.0,9.0,5.0,10.5,10.0,11.5,10.5,5.25,14.5,7.702,6.4015,5.0655,,4.509,4.27852
2020-05-07,10.0,9.0,9.0,4.75,10.5,10.0,11.5,10.5,5.5,14.5,4.85825,5.99895,4.6629499999999995,,4.657,4.10963
2020-05-14,10.5,8.0,9.0,4.0,10.0,8.5,11.0,10.0,5.5,14.5,1.9915,5.52385,4.18785,,4.908,4.13483
2020-05-21,10.5,8.0,9.5,4.0,9.5,9.0,10.0,12.0,5.5,13.5,4.19575,5.60645,4.270449999999999,,5.257,4.37235
2020-05-29,11.5,8.0,9.5,3.75,9.5,10.5,9.0,11.0,5.5,12.0,3.36875,6.78895,5.4529499999999995,,5.505,4.8748000000000005
2020-06-04,11.5,8.5,9.5,4.0,9.5,11.25,12.0,12.0,8.0,13.5,6.17738,7.3358,5.9998000000000005,,5.485,5.2177299999999995
2020-06-11,12.0,8.75,9.0,4.25,9.0,11.75,15.0,12.5,10.0,13.5,10.67575,7.39125,6.05525,,6.328,5.616
2020-06-18,13.0,9.5,11.0,4.5,8.75,12.5,16.5,15.0,10.5,14.0,25.27963,10.0545,8.7185,,7.13,6.37458
2020-06-25,15.0,10.5,12.0,5.5,9.0,13.25,16.5,18.0,11.0,15.5,29.39538,11.2727,9.9367,,7.457,6.9338
2020-07-02,15.5,11.5,11.0,6.0,12.5,13.75,18.5,17.0,14.0,17.5,31.377380000000002,11.316799999999999,9.980799999999999,,7.628,7.34303
2020-07-09,17.0,13.5,14.0,9.0,16.0,14.0,22.5,20.0,17.0,22.5,28.081,14.0105,12.6745,,8.896,7.6686499999999995
2020-07-16,19.0,15.5,14.0,11.0,16.0,14.0,23.5,20.0,18.0,22.5,24.63888,13.8978,12.5618,,9.885,8.15983
2020-07-23,19.0,16.0,15.0,12.5,17.0,13.25,24.0,19.0,17.0,22.0,18.54238,11.362549999999999,10.026549999999999,,10.174,8.436
2020-07-30,17.75,16.0,18.0,11.5,13.5,12.75,24.0,21.0,16.0,20.0,18.326130000000003,10.83115,9.495149999999999,,9.657,8.50623
2020-08-06,16.75,16.0,18.0,11.0,17.0,12.5,25.0,21.0,16.0,22.0,20.43413,13.447700000000001,12.1117,,9.318,8.442129999999999
2020-08-13,17.0,17.0,18.0,11.5,17.5,14.0,26.0,24.5,16.0,27.5,19.77413,16.17365,14.83765,,10.018,8.722
2020-08-20,19.0,18.0,19.0,12.0,21.0,14.5,25.0,25.0,15.5,27.0,18.56975,15.301,13.965,,10.53,9.691930000000001
2020-08-27,18.5,17.0,20.0,12.0,19.0,15.0,25.0,25.0,15.5,26.5,18.77475,14.5677,13.2317,,10.538,10.22028
2020-09-03,18.0,17.0,18.0,11.5,18.0,14.25,24.0,23.0,15.0,25.5,16.7475,13.635200000000001,12.2992,,10.537,10.2539
2020-09-10,18.0,17.0,17.0,11.5,18.0,14.0,23.5,23.0,15.0,25.5,15.07475,12.03635,10.70035,,10.15,10.12208
2020-09-17,19.5,19.0,21.0,13.0,17.5,13.75,22.5,23.0,14.0,23.0,15.87475,11.7479,10.4119,,10.226,9.97533
2020-09-24,18.5,20.5,21.0,13.75,20.0,13.75,24.5,24.0,15.0,24.0,22.84125,12.2467,10.9107,,10.809,10.42973
2020-10-01,17.0,22.5,21.0,14.75,20.0,13.5,25.0,24.0,16.0,23.0,29.33238,12.2746,10.938600000000001,,10.914,10.64988
2020-10-08,17.25,22.5,22.0,15.0,21.0,13.5,25.5,25.0,16.0,23.5,31.506880000000002,12.851600000000001,11.515600000000001,,10.819,10.674
2020-10-15,16.25,19.5,22.0,13.5,21.0,13.75,24.0,26.0,14.5,23.0,21.73725,12.28645,10.95045,,10.751,10.78633
2020-10-22,18.5,18.5,22.0,12.5,21.0,13.25,23.5,25.5,14.5,23.5,18.53675,11.294049999999999,9.95805,,10.692,10.74295
2020-10-29,17.5,18.0,19.5,11.5,20.5,13.25,23.0,21.0,14.5,20.5,15.78088,11.67085,10.334850000000001,,10.536,10.68767
2020-11-05,17.75,18.0,18.0,11.75,20.0,13.0,22.5,20.0,14.75,19.75,14.176879999999999,10.8796,9.5436,,10.029,10.541
2020-11-12,18.0,19.0,19.0,12.5,19.0,13.0,22.0,21.0,15.0,19.75,12.8535,10.595,9.259,,9.721,10.52188
2020-11-19,19.0,19.5,19.0,13.0,18.0,13.75,22.5,22.0,15.5,19.75,11.858379999999999,11.92985,10.59385,,10.061,10.76108
2020-11-26,20.0,21.0,19.0,14.5,18.0,14.25,23.0,22.0,16.25,21.0,12.51425,12.8297,11.4937,,11.124,11.53775
2020-12-03,21.0,21.0,18.0,15.5,18.5,13.5,23.0,18.0,16.5,22.0,12.2735,12.10445,10.768450000000001,,11.162,11.93642
2020-12-10,21.0,22.0,19.0,16.0,19.5,13.25,23.0,22.0,16.5,23.0,10.95088,12.84745,11.51145,,11.252,11.98518
2020-12-17,22.0,22.0,19.0,16.0,19.5,13.25,24.0,21.5,19.5,23.0,14.14288,12.8992,11.5632,,11.624,12.17528
2020-12-23,19.0,22.0,19.0,15.5,17.5,12.8,24.5,20.0,20.0,21.0,16.409380000000002,12.0008,10.6648,,11.52,12.1887
2021-01-07,18.75,22.0,16.0,15.25,16.5,12.8,25.0,20.0,20.0,20.0,17.59775,13.53325,12.19725,,11.255,11.89418
2021-01-08,18.75,22.0,16.0,15.25,16.5,13.7,25.0,20.0,20.0,20.0,21.13125,14.030850000000001,12.69485,,11.322,11.8049
2021-01-15,21.0,22.0,19.0,15.5,18.5,14.5,24.0,24.0,18.5,24.0,23.989,14.54475,13.20875,,11.951,11.7454
2021-01-21,21.0,22.0,19.0,15.0,22.5,14.75,24.0,24.0,18.5,29.0,25.515130000000003,14.748850000000001,13.41285,,12.464,11.99165
2021-01-28,21.0,23.0,19.5,16.0,23.0,14.75,25.0,22.0,20.0,28.0,16.13338,14.680200000000001,13.3442,,12.821,12.55025
2021-02-04,21.0,23.0,19.5,16.0,23.0,14.75,26.5,26.0,21.0,29.0,12.77163,14.65765,13.32165,,12.531,12.812850000000001
2021-02-11,22.5,23.5,20.5,17.0,23.0,15.5,28.5,25.5,24.0,30.0,10.312,16.837799999999998,15.5018,,13.164,13.4739
2021-02-18,34.0,27.0,26.5,19.5,29.0,17.0,30.5,32.0,28.0,30.0,15.69025,22.2367,20.9007,,15.849,15.19938
2021-02-25,40.0,28.0,30.0,23.0,30.0,19.5,33.5,33.0,31.0,37.0,12.20325,19.8678,18.5318,,20.53,18.9069
2021-03-04,39.0,27.0,35.0,22.0,35.0,19.75,32.5,33.0,31.0,37.0,13.87425,19.903650000000003,18.56765,,20.903,19.78988
2021-03-11,45.0,29.0,35.0,26.0,36.0,19.75,35.5,33.0,32.0,37.0,17.35263,19.956,18.62,,22.557,22.65728
2021-03-19,37.0,27.0,32.0,21.5,35.0,20.0,30.5,33.0,24.0,34.0,19.43725,26.773400000000002,25.4374,,23.347,24.48378
2021-03-25,34.5,25.0,27.0,17.0,27.0,18.5,28.5,33.0,17.5,31.0,18.48988,25.503049999999998,24.16705,,22.227,23.18303
2021-04-01,28.5,24.5,22.0,15.5,25.0,17.5,28.0,26.0,17.5,26.0,19.8525,22.35415,21.018150000000002,,20.241,20.46083
2021-04-08,26.0,21.5,21.0,13.5,22.0,17.25,26.5,26.0,15.0,28.0,22.87425,19.44375,18.10775,,19.645,19.2268
2021-04-15,28.0,21.5,20.0,13.5,22.0,19.0,26.5,26.0,15.5,28.5,28.055880000000002,20.110049999999998,18.77405,,19.921,17.98833
2021-04-23,29.75,23.5,21.0,15.5,23.0,19.75,28.5,27.0,19.0,33.0,34.762,23.6668,22.3308,,22.932,19.65368
2021-05-07,31.0,24.5,22.5,16.0,24.0,19.0,27.5,27.0,18.5,29.5,41.514129999999994,26.59735,25.26135,,24.158,21.39865
2021-05-12,33.0,21.0,25.5,17.0,26.0,19.5,26.0,28.0,18.5,29.5,39.05475,27.606150000000003,26.27015,,24.963,22.34225
2021-05-20,34.0,21.0,25.5,17.25,27.0,19.5,29.0,30.0,21.5,29.5,31.63438,25.834049999999998,24.49805,,26.118,23.572029999999998
2021-05-27,35.0,21.0,24.0,17.0,30.0,19.5,31.0,31.5,23.5,31.5,27.934,24.61795,23.281950000000002,,27.72,24.13273
2021-06-03,32.0,22.5,23.0,18.0,32.0,20.5,35.0,31.0,30.5,33.5,22.10175,26.0682,24.732200000000002,,26.852,24.05688
2021-06-10,33.0,24.0,25.0,19.0,32.0,20.5,38.0,32.0,35.5,35.0,24.03938,28.83625,27.50025,,28.072,24.39113
2021-06-17,34.0,25.0,27.5,21.0,34.5,22.0,40.0,37.0,38.5,45.0,34.93038,32.02225,30.68625,,30.299,24.97605
2021-06-24,41.0,28.0,33.0,23.0,33.5,23.5,41.0,37.5,35.5,46.0,32.01825,31.639200000000002,30.3032,,31.507,26.571830000000002
2021-07-01,47.0,27.0,32.0,23.0,38.5,24.0,38.0,37.0,31.5,50.0,30.6,38.13505,36.79905,,32.324,27.889580000000002
2021-07-08,48.0,30.0,32.0,23.0,36.5,25.0,41.0,48.0,27.5,53.0,30.259880000000003,37.15155,35.81555,,31.872,29.46508
2021-07-15,48.5,33.0,33.0,25.0,37.5,23.5,39.0,50.0,29.0,51.0,28.69413,33.37,32.034,,30.791,29.91993
2021-07-22,48.5,39.0,37.0,29.0,44.0,24.0,42.0,53.0,31.0,57.0,30.09825,32.04155,30.70555,,31.264,31.071830000000002
2021-07-30,46.5,35.0,40.0,28.5,45.0,24.5,44.0,53.0,33.0,57.0,35.71313,29.73395,28.39795,,32.395,31.67588
2021-08-05,45.0,36.0,44.0,28.0,46.0,26.0,44.0,54.0,34.0,57.0,36.607879999999994,30.757849999999998,29.42185,,32.961,31.78815
2021-08-12,45.0,36.0,43.0,27.0,48.0,26.5,45.0,54.5,34.0,60.0,38.21725,31.9494,30.613400000000002,,33.87,32.064
2021-08-19,45.0,36.0,44.0,30.0,48.0,27.5,46.5,54.5,35.0,60.0,47.36125,33.781699999999994,32.4457,,35.603,33.685300000000005
2021-08-26,43.5,34.0,45.0,27.0,45.0,27.0,47.5,55.5,36.0,58.0,50.11325,35.2016,33.8656,,37.809,34.24243
2021-09-02,45.0,32.0,43.0,22.0,43.0,25.0,45.0,52.0,33.0,57.5,47.40663,32.8455,31.5095,,37.326,33.178050000000006
2021-09-06,51.0,30.0,45.0,25.0,49.0,,,,,,44.46525,31.89455,30.55855,,36.225,32.921
2021-09-09,47.0,27.0,42.0,17.0,44.0,25.75,36.0,53.0,27.5,57.0,41.15063,31.5888,30.2528,,34.966,32.50635
2021-09-16,,,,,,26.5,44.0,54.0,34.5,58.0,52.2805,34.66505,33.32905,,36.113,33.21633
2021-09-23,53.0,34.0,46.0,25.0,48.0,26.5,47.5,55.0,36.5,56.0,61.68313,35.94735,34.61135,,36.838,34.4855
2021-09-30,50.0,38.0,46.0,25.0,49.0,26.5,50.0,57.0,38.0,55.0,74.17575,36.119150000000005,34.78315,,37.2,35.54323
2021-10-07,50.0,40.0,48.0,28.0,48.5,26.5,55.0,58.0,42.0,55.0,86.953,34.953,33.617,,37.445,36.16583
2021-10-14,49.0,46.0,47.0,38.0,46.5,26.5,58.0,58.0,48.0,53.0,70.181,36.2035,34.8675,,38.96,36.35825
2021-10-21,51.0,54.0,48.0,39.0,46.5,27.0,61.0,58.0,52.0,51.0,57.37425,38.73685,37.40085,,39.86,36.8037
2021-10-28,49.0,45.0,46.0,36.0,44.5,25.5,54.0,54.0,43.0,50.0,37.66925,35.68225,34.34625,,35.091,36.18618
2021-11-04,48.0,47.0,42.0,33.0,40.0,24.5,47.0,50.0,33.0,43.5,26.71,28.492,27.156,,28.191,32.1768
2021-11-11,48.0,39.0,42.0,28.0,39.5,24.0,43.0,50.0,31.0,38.0,32.1085,27.237299999999998,25.9013,,24.764,29.26435
2021-11-18,49.0,38.0,42.0,27.0,39.0,23.0,45.0,50.0,33.0,37.0,27.03263,21.0248,19.6888,,24.725,28.306549999999998
2021-11-25,49.0,38.0,40.0,26.0,39.0,23.5,45.0,47.0,36.0,36.5,31.31738,22.403950000000002,21.06795,,25.119,27.654
2021-12-02,48.0,38.0,40.0,28.0,38.5,23.5,49.0,47.0,38.0,37.0,37.60413,27.270599999999998,25.9346,,26.423,27.99865
2021-12-09,48.0,38.0,44.0,29.0,39.5,24.5,50.0,51.0,39.0,38.0,41.379129999999996,28.306099999999997,26.9701,,27.954,28.293950000000002
2021-12-16,46.0,37.0,41.0,29.0,39.5,23.5,49.0,44.0,38.0,42.5,24.00325,23.63,22.294,,27.649,28.029880000000002
2021-12-23,44.0,37.0,38.0,26.5,36.5,21.0,42.0,38.0,33.0,36.5,19.49375,22.637900000000002,21.3019,,25.33,26.606930000000002
2021-12-30,43.5,35.0,31.0,25.0,29.0,21.0,42.0,31.0,32.0,30.0,,,21.8223,,25.188,26.384
2022-01-07,42.5,32.0,25.0,24.0,28.0,20.5,39.0,27.0,29.0,30.0,20.167,26.61045,25.27445,,22.813,23.401799999999998
2022-01-14,38.0,32.0,19.0,22.5,27.0,19.5,42.0,23.0,33.0,30.0,12.407,21.37585,20.039849999999998,,20.868,21.46398
2022-01-21,34.5,29.0,17.0,21.0,24.0,17.5,39.0,28.0,29.0,28.5,7.39025,18.0865,16.7505,,19.237,19.858900000000002
2022-01-28,32.5,25.0,19.0,17.0,23.0,17.0,33.0,26.0,19.0,26.0,8.91775,16.55695,15.22095,,17.569,18.19755
2022-02-04,34.0,22.5,19.5,13.5,23.0,17.5,28.0,26.0,18.0,28.0,10.302,16.165399999999998,14.8294,,17.531,17.81853
2022-02-11,37.0,26.0,19.5,15.5,24.0,18.5,33.0,28.5,27.0,32.0,15.39725,21.623,20.287,,23.743,21.017799999999998
2022-02-18,34.0,26.0,19.5,17.5,24.0,19.0,33.0,28.5,23.5,35.0,13.88825,21.3752,20.0392,,25.576,23.130080000000003
2022-02-25,32.5,26.0,18.5,18.0,22.0,19.75,32.5,27.5,22.5,32.0,14.02638,23.921799999999998,22.5858,,26.587,25.173779999999997
2022-03-04,29.5,28.0,18.5,18.0,14.0,18.0,30.0,26.5,28.0,20.0,13.56013,25.0608,23.7248,,28.45,25.973830000000003
2022-03-11,30.0,22.0,19.0,20.0,14.0,18.5,30.0,24.5,34.0,24.0,22.19488,28.6851,27.3491,,32.33,27.858400000000003
2022-03-18,42.0,24.0,20.5,25.0,16.0,19.75,31.5,24.5,37.5,24.0,21.60425,25.867549999999998,24.53155,,32.147,29.9223
2022-03-25,45.0,25.0,26.0,27.0,18.0,19.75,30.5,27.5,34.0,27.5,15.648129999999998,30.71255,29.376549999999998,,33.217,32.081900000000005
2022-04-01,42.0,27.0,28.0,30.0,24.0,19.0,31.0,26.5,34.0,26.5,15.46025,27.659650000000003,26.32365,,30.301,30.5113
2022-04-08,42.0,30.0,26.0,28.0,24.0,20.0,33.0,26.5,30.0,26.0,11.97925,24.997049999999998,23.66105,,27.518,27.78575
2022-04-22,45.5,31.0,26.0,29.0,24.0,21.0,36.0,29.5,43.0,24.0,15.29938,27.03925,25.70325,,29.453,27.07695
2022-04-29,45.5,31.0,25.0,36.0,24.5,21.0,42.0,29.5,47.0,24.0,17.713,26.4425,25.1065,,30.074,28.67918
2022-05-06,47.5,33.0,25.0,38.0,27.5,20.0,41.0,29.5,50.0,26.0,24.002380000000002,28.5715,27.2355,,30.024,29.51578
2022-05-13,45.0,33.0,26.0,31.0,29.0,21.0,39.0,29.5,42.0,26.0,32.733,29.5445,28.2085,,30.272,30.107
2022-05-20,45.0,32.0,25.0,30.0,22.0,21.5,37.0,28.5,41.0,26.0,37.53775,30.44,29.104,,30.971,29.90838
2022-05-27,43.0,30.0,24.0,28.5,25.0,20.5,38.0,27.5,38.0,26.0,23.37325,27.4306,26.0946,,30.757,29.651529999999998
2022-06-10,33.0,24.0,22.5,17.0,23.0,19.0,32.0,24.0,27.0,25.0,19.66525,23.66235,22.326349999999998,,27.44,25.5093
2022-06-17,35.0,22.0,20.5,17.0,22.0,19.0,27.5,22.0,26.0,22.0,24.776,25.75695,24.42095,,27.139,24.1692
2022-06-24,32.0,19.0,19.5,17.0,21.0,19.0,25.0,19.5,24.0,22.5,19.8745,24.254450000000002,22.91845,,26.942,24.0091
2022-07-01,30.0,17.0,19.5,13.0,22.5,18.0,25.5,19.5,24.0,26.0,19.74538,22.297400000000003,20.9614,,25.192,22.97253
2022-07-08,28.0,17.0,18.0,14.0,18.5,17.0,26.5,19.5,29.0,22.0,18.82488,20.010450000000002,18.67445,,23.797,21.33763
2022-07-15,30.0,17.0,18.0,14.0,18.5,16.0,26.5,19.5,29.5,21.5,24.20875,16.968700000000002,15.632700000000002,,22.424,21.24935
2022-07-22,30.0,18.5,20.0,17.5,18.5,17.0,27.5,19.5,29.5,19.5,22.36175,18.8384,17.5024,,22.88,21.796349999999997
2022-07-29,30.0,19.5,20.0,18.5,17.5,17.25,27.0,20.0,25.0,22.0,17.25488,18.4634,17.1274,,21.681,21.113529999999997
2022-08-05,30.0,15.5,18.0,17.5,17.5,16.5,23.5,18.0,23.0,17.0,11.6995,17.6993,16.3633,,18.698,19.0456
2022-08-12,28.0,14.0,17.0,15.5,17.0,16.5,21.0,18.0,20.0,22.0,10.898,17.16085,15.82485,,17.526,17.59765
2022-08-19,28.0,14.5,17.0,16.0,17.0,16.0,23.0,18.0,19.0,19.5,6.26713,15.18765,13.85165,,19.082,17.28493
2022-08-26,24.0,14.5,17.0,16.0,17.0,16.0,21.0,18.0,18.5,19.5,3.41263,12.34365,11.00765,,19.183,16.793830000000003
2022-09-02,22.0,15.0,15.0,15.5,16.5,14.0,17.5,16.5,17.5,18.5,6.07625,11.4419,10.1059,,16.658,15.6496
2022-09-09,22.0,15.0,15.0,14.5,15.0,15.0,15.5,14.5,16.5,17.5,5.57388,16.7864,15.4504,,16.227,15.708620000000002
2022-09-16,22.0,18.5,14.0,17.5,16.0,16.0,19.0,18.0,17.5,18.0,12.59888,17.912950000000002,16.57695,,17.057,16.28148
2022-09-23,24.0,19.0,17.5,18.0,16.0,15.5,22.0,18.0,21.5,19.5,18.29275,17.95915,16.623150000000003,,18.172,17.382630000000002
2022-09-30,27.5,19.0,20.5,18.0,17.5,16.0,22.0,19.0,21.5,24.0,16.214,18.7417,17.4057,,18.292,18.15865
2022-10-06,,,,,,17.5,24.5,24.0,22.5,27.0,20.78563,20.083650000000002,18.74765,,18.59,18.5073
2022-10-07,27.5,18.5,21.0,17.5,20.0,17.5,24.5,24.0,22.5,27.0,19.87425,20.1163,18.7803,,18.763,18.5882
2022-10-13,28.5,17.5,24.0,16.5,23.0,18.0,25.0,24.0,22.5,26.0,17.36513,18.79555,17.45955,,18.654,18.3617
2022-10-20,28.5,17.5,24.0,18.0,25.0,17.5,27.5,26.0,23.5,28.0,17.50475,19.4477,18.1117,,18.435,17.39398
2022-10-27,29.0,17.5,24.0,16.0,25.0,16.5,26.0,27.0,23.0,27.0,14.500129999999999,17.100099999999998,15.764100000000001,,17.292,16.58805
2022-11-03,28.0,17.5,20.0,15.5,23.0,16.25,22.0,26.0,19.0,26.0,10.157879999999999,15.2949,13.9589,,14.161,15.133280000000001
2022-11-10,28.0,17.5,17.0,14.5,20.0,15.5,25.0,21.0,20.5,29.0,13.70225,14.5743,13.238299999999999,,13.495,14.340950000000001
2022-11-17,28.0,17.5,16.0,14.5,20.0,15.0,26.0,19.5,20.5,29.0,9.854629999999998,14.8499,13.5139,,12.929,13.733780000000001
2022-11-24,26.5,17.0,16.0,15.0,20.0,15.0,23.0,19.0,21.5,26.0,11.47925,13.1953,11.8593,,12.91,13.44675
2022-12-01,25.0,17.0,15.0,14.0,17.0,14.75,24.5,17.0,20.0,24.0,13.01963,14.4221,13.0861,,12.818,13.355979999999999
2022-12-08,28.0,17.5,15.0,16.0,13.0,15.0,26.0,17.0,21.0,20.0,13.88775,14.9498,13.6138,,12.683,13.198649999999999
2022-12-15,25.0,17.5,15.0,16.0,13.0,15.5,33.0,18.5,24.0,19.0,17.37375,14.92365,13.58765,,12.832,12.82847
2022-12-22,24.0,15.0,13.5,14.0,13.0,15.4,27.0,17.0,23.0,18.5,21.77475,14.070450000000001,12.73445,,11.913,12.07517
2023-01-05,20.0,13.0,11.5,10.5,12.0,13.5,21.0,16.0,17.0,16.0,12.4725,11.986,10.65,,9.585,10.28623
2023-01-12,16.5,13.0,11.0,9.0,12.0,11.5,15.0,16.5,10.0,15.0,11.188379999999999,9.7568,8.4208,,7.869,9.15255
2023-01-19,15.0,11.0,10.0,9.5,11.5,11.25,11.0,14.5,9.0,14.5,7.40438,9.640649999999999,8.304649999999999,,7.198,8.09075
2023-01-26,15.0,11.0,10.0,8.5,11.5,11.5,13.0,12.0,9.0,12.5,4.55125,9.4094,8.0734,,7.097,7.77623
2023-02-02,14.25,9.5,10.0,7.5,12.0,10.5,10.5,11.0,7.0,12.0,3.68838,8.8935,7.5575,,7.529,7.85508
2023-02-09,14.5,9.5,10.0,7.0,12.5,10.5,11.0,11.0,6.5,12.5,3.75163,7.7453,6.4093,,6.995,7.84108
2023-02-16,13.5,9.5,10.0,8.0,12.5,11.0,12.0,11.0,9.0,13.0,2.27988,7.3576999999999995,6.0217,,7.258,7.804600000000001
2023-02-23,16.0,11.0,11.0,10.0,13.0,13.0,15.0,15.5,13.0,14.5,4.7535,10.520100000000001,9.1841,,10.336,8.87495
2023-03-02,17.0,11.5,13.0,11.0,14.0,15.5,15.0,18.5,13.0,16.5,8.295879999999999,14.005799999999999,12.669799999999999,,13.113,10.350280000000001
2023-03-09,17.0,14.5,16.5,12.0,17.0,14.75,15.5,18.5,13.0,20.5,13.783,14.617049999999999,13.281049999999999,,12.975,11.166870000000001
2023-03-16,18.0,17.5,17.0,14.0,17.5,15.0,18.0,18.0,15.0,21.5,16.38663,15.71565,14.37965,,14.43,12.37997
2023-03-23,18.0,18.5,17.0,15.5,18.5,14.75,19.0,18.0,18.0,22.5,15.39575,14.26015,12.92415,,14.668,12.66348
2023-03-30,18.0,14.5,17.0,12.5,18.5,14.5,17.0,18.0,15.5,21.5,13.90063,14.6216,13.2856,,13.602,12.43268
2023-04-06,18.0,13.5,17.0,10.5,18.5,14.5,17.0,18.0,16.0,21.5,16.928,16.66065,15.32465,,12.773,11.5784
2023-04-13,18.0,13.5,17.0,10.5,16.5,14.5,18.0,18.0,16.0,19.5,15.657,15.72395,14.38795,,12.158,11.29543
2023-04-20,21.0,16.5,18.0,15.0,15.5,15.0,23.0,20.0,19.5,20.0,14.746379999999998,15.094149999999999,13.758149999999999,,12.965,11.69895
2023-04-27,21.0,16.5,18.5,15.0,15.0,15.0,23.0,20.0,19.5,19.0,18.87388,14.505799999999999,13.169799999999999,,13.036,11.96523
2023-05-04,20.5,14.5,17.0,10.5,14.5,15.5,22.0,19.0,17.0,18.5,19.28275,13.62955,12.29355,14.11848,12.154,11.72348
2023-05-11,20.0,17.5,17.0,10.5,13.5,15.0,23.0,18.5,19.0,18.5,21.27638,13.00885,11.67285,14.207,12.235,11.42263
2023-05-18,19.5,17.5,14.0,12.5,13.5,14.25,23.5,17.5,19.5,17.0,17.7665,11.1117,9.7757,13.807,11.931,11.05
2023-05-25,18.5,17.5,13.0,12.5,12.0,14.0,19.5,15.0,15.0,17.5,14.57725,10.271700000000001,8.9357,12.692,10.782,10.68713
2023-06-01,16.0,11.5,12.5,10.0,11.5,12.0,17.0,15.0,14.5,17.0,9.48738,9.26975,7.93375,11.126,9.312,10.0619
2023-06-08,15.0,11.5,12.5,8.0,10.5,11.75,16.0,15.0,10.5,14.5,12.11188,10.3115,8.9755,9.976,8.219,9.08598
2023-06-15,13.5,11.0,11.5,7.5,10.5,13.0,16.0,14.0,10.0,14.0,13.2575,10.65815,9.322149999999999,9.937,8.138,8.474219999999999
2023-06-22,17.0,10.5,12.0,7.0,10.5,14.0,15.0,15.0,9.5,13.0,16.51413,10.26285,8.92685,10.24,8.26,8.20195
2023-06-29,15.0,10.0,12.0,7.0,10.5,13.0,12.0,15.0,7.0,13.0,14.589379999999998,9.368049999999998,8.03205,10.293,8.251,8.06475
2023-07-06,14.5,9.0,10.0,6.5,11.0,11.75,14.0,11.5,10.0,12.0,12.264629999999999,8.73555,7.3995500000000005,9.925,8.011,7.68708
2023-07-13,13.5,9.0,10.0,6.5,11.0,11.75,15.0,11.5,11.5,11.5,14.02775,9.90555,8.56955,9.875,8.173,7.397600000000001
2023-07-20,12.5,9.0,11.0,7.5,8.5,11.5,15.0,12.0,12.0,11.0,11.787379999999999,8.50285,7.16685,9.924,8.331,7.24733
2023-07-27,12.0,9.0,11.5,7.5,10.0,11.75,11.5,11.0,8.5,11.0,14.93738,8.594299999999999,7.2583,9.571,8.066,7.142399999999999
2023-08-03,12.0,9.0,9.5,7.5,9.5,12.0,12.5,11.5,8.5,11.0,14.9555,10.01035,8.67435,9.157,7.646,7.03
2023-08-10,13.0,9.5,9.5,8.0,10.0,13.5,15.0,10.5,10.0,11.5,13.88275,11.628549999999999,10.292549999999999,9.54803,7.771,7.21135
2023-08-17,17.0,10.0,13.0,8.5,13.0,13.5,14.0,14.5,12.0,14.0,13.80875,13.70215,12.36615,11.04688,9.449,8.26853
2023-08-24,18.5,10.5,13.5,9.0,14.0,13.5,17.0,14.5,14.0,15.0,10.442879999999999,13.1063,11.770299999999999,11.75698,9.966,9.00438
2023-08-31,18.5,12.5,14.0,10.5,16.5,14.0,21.0,15.5,18.0,17.0,9.071629999999999,13.52585,12.18985,12.668379999999999,10.584,9.610629999999999
2023-09-07,18.5,15.0,17.0,12.5,17.5,14.75,23.0,20.0,19.5,26.0,9.86325,13.254950000000001,11.91895,13.7409,11.616,10.20393
2023-09-14,18.0,19.0,25.0,14.0,20.5,15.0,21.0,23.0,18.0,28.0,12.53688,14.78075,13.44475,15.20818,13.155,11.2376
2023-09-21,18.5,20.0,25.0,16.0,21.5,15.5,25.0,26.0,17.0,28.5,16.64625,15.264700000000001,13.928700000000001,16.78448,14.852,12.03395
2023-09-28,17.5,20.0,21.0,16.0,20.5,15.0,22.0,21.5,17.0,27.5,20.67525,15.38425,14.04825,16.2459,14.237,12.23208
2023-10-05,19.0,18.0,21.0,16.0,19.5,15.0,20.0,21.0,16.0,25.5,24.72738,14.329450000000001,12.993450000000001,15.454030000000001,13.595,12.12967
2023-10-12,21.0,18.0,21.0,16.0,18.0,15.5,27.0,25.0,17.0,26.5,27.1845,14.33315,12.99715,15.79023,13.929,12.3075
2023-10-19,20.0,18.5,20.0,16.0,17.5,15.5,27.0,26.0,20.0,24.0,30.130380000000002,14.7194,13.3834,16.21623,14.152,12.393049999999999
2023-10-26,18.5,21.0,18.0,20.0,17.0,14.5,24.5,20.0,17.0,22.0,20.44638,14.6519,13.3159,15.5037,13.492,12.077879999999999
2023-11-02,17.5,22.0,16.5,21.0,14.0,13.75,29.0,25.0,22.0,21.5,15.613,13.14625,11.81025,14.2841,12.192,11.61488
2023-11-09,15.0,23.0,15.5,21.0,13.5,14.25,29.0,25.0,26.0,21.0,20.61813,13.500950000000001,12.164950000000001,14.26973,12.279,10.81983
2023-11-16,19.0,24.0,19.5,25.0,15.0,15.5,31.5,23.0,31.0,21.0,22.09563,16.1956,14.8596,14.8461,12.956,10.671850000000001
2023-11-23,19.0,24.0,24.0,21.0,16.0,16.0,33.0,27.0,33.0,24.0,22.215880000000002,18.3078,16.971799999999998,15.95805,13.918,11.6577
2023-11-30,30.0,29.0,32.0,28.0,20.0,17.0,38.0,33.0,39.0,32.0,46.68063,19.9752,18.639200000000002,18.007279999999998,15.678,13.522129999999999
2023-12-07,32.0,29.0,37.0,28.0,22.0,16.5,38.0,39.0,44.0,30.0,34.85388,19.7763,18.4403,19.0485,16.918,15.51065
2023-12-14,34.0,29.0,27.0,28.0,22.0,16.5,38.0,36.0,45.0,29.5,35.46325,17.23055,15.894549999999999,18.03035,15.865,16.31048
2023-12-21,33.0,29.0,24.0,26.0,21.0,15.5,32.0,34.5,34.0,32.0,27.87238,17.235599999999998,15.8996,17.44563,15.159,15.98352
2024-01-04,26.0,21.0,18.0,19.0,19.0,15.0,28.5,25.5,24.0,28.5,30.282,15.543299999999999,14.2073,15.8525,13.6,12.88322
2024-01-11,22.0,20.0,18.0,18.5,18.0,14.75,23.5,24.0,22.5,25.5,20.10463,12.7904,11.4544,14.447280000000001,12.188,11.2478
2024-01-18,22.0,20.0,19.0,18.0,18.0,15.25,20.5,25.0,17.0,24.5,15.365129999999999,13.432,12.096,13.49768,11.315,10.67725
2024-01-25,22.0,20.0,19.0,18.0,18.0,15.25,20.5,25.0,17.0,24.5,17.29763,15.20865,13.87265,13.877450000000001,11.677,10.74033
2024-02-01,21.0,18.0,12.0,13.5,18.0,16.5,24.0,24.0,20.5,20.0,15.9525,13.47085,12.13485,13.96175,11.526,10.5778
2024-02-08,19.75,17.0,16.5,12.5,19.0,16.75,29.0,24.0,19.0,20.0,18.2145,13.2694,11.933399999999999,14.16888,11.55,10.26588
2024-02-15,19.75,16.0,17.5,11.5,20.0,16.5,30.0,25.0,19.5,24.0,19.85013,14.60725,13.27125,14.260729999999999,11.64,10.21325
2024-02-22,20.0,14.0,17.5,10.5,21.0,16.5,25.0,24.0,16.5,24.5,23.13913,14.61515,13.27915,15.340879999999999,12.918,11.11593
2024-02-29,22.0,14.0,24.0,10.0,20.5,15.75,21.0,23.0,11.5,26.0,31.04475,15.129700000000001,13.793700000000001,15.967979999999999,13.832,12.746
2024-03-07,25.0,15.0,24.0,11.0,20.5,15.75,15.0,24.0,11.0,20.5,32.99625,16.5556,15.2196,16.481150000000003,14.484,13.669799999999999
2024-03-14,25.0,15.0,19.0,14.0,20.0,17.0,22.0,25.0,16.0,27.0,33.5205,19.19715,17.861150000000002,16.57885,14.458,13.99065
2024-03-21,24.0,19.0,22.0,14.0,20.0,17.25,23.0,26.0,14.5,27.5,29.75213,19.833849999999998,18.49785,17.565330000000003,15.167,14.30165
2024-03-28,24.0,16.5,20.0,8.0,20.0,16.0,18.0,25.5,13.0,27.5,21.86638,16.913,15.577,17.0214,14.638,13.897530000000001
2024-04-04,23.0,15.5,19.5,7.0,19.0,16.0,17.5,26.5,12.5,28.0,19.52175,15.6005,14.2645,16.20105,14.004,13.40745
2024-04-11,22.0,16.5,17.0,10.0,18.0,16.5,19.5,27.0,13.5,28.0,20.52275,15.0922,13.756200000000002,16.01,13.874,13.0343
2024-04-18,23.0,18.0,17.0,14.0,18.0,16.75,23.0,27.0,15.5,28.0,23.59775,16.885450000000002,15.54945,17.14078,15.013,13.2249
2024-04-25,23.0,18.0,18.0,13.0,17.0,16.5,21.5,26.0,18.0,28.0,18.49463,17.0653,15.729299999999999,18.370549999999998,16.367,13.49785
2024-05-02,22.0,15.0,17.0,10.0,16.0,16.5,21.0,24.0,15.0,28.0,19.67038,16.76625,15.43025,18.128349999999998,16.13,13.18285
2024-05-10,19.0,15.0,17.0,10.0,15.5,16.7,21.0,23.0,17.0,27.5,27.30138,18.2297,16.8937,18.17143,16.333,12.64675
2024-05-16,21.0,15.0,16.0,11.0,15.0,15.75,20.0,23.0,15.0,26.5,21.218130000000002,16.60175,15.26575,17.77543,15.676,12.46825
2024-05-23,19.0,14.0,14.5,10.5,14.0,15.0,18.0,18.5,12.0,22.5,21.43225,16.49225,15.15625,16.91628,14.795,12.34253
2024-05-30,19.0,14.0,13.0,10.0,13.0,15.0,19.0,18.5,13.5,19.5,22.80775,15.46635,14.13035,16.13335,14.15,12.918
2024-06-06,19.0,15.0,13.0,11.0,13.0,16.0,21.5,18.5,14.5,16.5,24.689130000000002,15.58275,14.24675,15.82728,13.809,12.882549999999998
2024-06-13,18.0,17.0,16.5,14.0,14.0,16.0,25.0,19.5,18.0,17.5,24.752380000000002,17.2804,15.9444,16.496299999999998,14.446,12.74158
2024-06-20,18.0,19.5,17.0,15.0,15.0,16.5,23.5,20.0,18.0,22.5,25.532880000000002,16.7993,15.463299999999998,17.34893,15.278,13.39407
2024-06-27,18.0,21.5,20.0,15.5,16.0,16.0,23.0,21.0,18.5,22.5,27.95363,15.0465,13.7105,17.36245,15.393,13.740530000000001
2024-07-04,18.5,20.5,18.0,15.5,16.0,15.0,25.0,20.0,20.0,21.5,28.91075,14.10975,12.77375,16.70238,14.711,13.40483
2024-07-11,20.5,21.5,17.0,16.0,15.0,15.5,26.0,21.0,23.0,22.0,26.3955,14.739049999999999,13.403049999999999,17.01478,14.971,13.3117
2024-07-18,21.0,22.5,15.0,18.0,15.0,15.0,24.0,21.25,28.0,22.0,24.94113,15.42345,14.08745,17.13275,15.065,13.47845
2024-07-25,23.0,22.5,18.0,18.0,14.0,16.0,24.0,20.75,24.0,22.5,22.3625,16.066399999999998,14.7304,17.316650000000003,15.252,13.671280000000001
2024-08-01,22.0,21.5,17.5,16.0,14.0,15.0,23.0,20.5,21.0,22.5,18.98563,15.4178,14.0818,16.926599999999997,14.867,13.69615
2024-08-08,22.0,21.5,17.0,15.5,14.0,15.75,22.0,20.0,20.0,21.5,20.395880000000002,14.58085,13.24485,16.385849999999998,14.324,13.59908
2024-08-16,19.5,21.0,15.0,15.0,14.0,16.0,22.0,20.5,18.0,21.0,21.037,13.969700000000001,12.633700000000001,16.40635,14.343,13.57553
2024-08-22,19.0,21.0,17.0,16.5,14.5,16.0,24.0,20.0,19.0,20.0,23.60838,12.99625,11.66025,16.57175,14.447,13.55557
2024-08-29,18.0,22.0,17.0,17.5,14.5,15.0,25.0,19.5,20.0,19.0,25.87,11.97465,10.63865,16.5261,14.429,13.406979999999999
2024-09-12,17.0,20.5,18.0,16.0,14.0,,,,,,26.74975,12.6198,11.2838,15.959299999999999,13.925,12.7574
2024-09-19,17.0,21.0,16.0,16.5,14.0,,,,,,26.98025,13.7534,12.417399999999999,16.13058,14.097,12.72555
2024-09-26,17.0,18.0,15.0,16.0,14.0,,,,,,29.69,13.484399999999999,12.148399999999999,16.6147,14.581,12.8086
2024-10-03,17.0,18.0,14.5,15.5,14.5,,,,,,27.363,12.30245,10.96645,15.928180000000001,13.894,12.8241
2024-10-10,18.0,20.0,12.5,15.0,14.5,,,,,,22.84413,13.0972,11.7612,16.09805,14.064,12.91188
2024-10-17,18.5,20.0,14.0,15.0,13.5,,,,,,19.259130000000003,11.59125,10.25525,15.8565,13.823,13.05163
2024-10-24,18.5,20.0,15.0,16.0,13.5,,,,,,15.41625,10.944799999999999,9.608799999999999,15.73095,13.697,13.090629999999999
2024-10-31,17.5,20.0,16.0,17.0,13.5,,,,,,15.36538,10.8345,9.4985,14.93638,12.902,12.94978
2024-11-07,17.5,19.0,12.5,15.0,13.5,,,,,,17.92963,10.5991,9.2631,13.87285,11.839,12.683129999999998
2024-11-14,17.5,18.0,13.5,14.0,13.5,,,,,,24.3465,10.9214,9.5854,13.00928,10.975,12.362680000000001
2024-11-21,18.0,16.5,13.5,13.5,13.5,,,,,,22.59475,9.9514,8.6154,12.46998,10.436,12.07922
2024-11-29,18.0,16.5,13.5,12.75,13.0,,,,,,17.6855,9.16085,7.8248500000000005,12.38443,10.35,11.86468
2024-12-05,17.5,16.5,14.0,13.5,12.0,,,,,,12.689879999999999,9.3636,8.0276,12.372,10.338,11.697
2024-12-12,17.0,16.5,13.0,13.5,11.5,,,,,,10.381879999999999,9.18585,7.84985,12.14233,10.108,11.26018
2024-12-19,17.0,16.5,11.0,12.5,11.0,,,,,,8.945,8.6805,7.3445,11.930729999999999,9.897,10.54988
2025-01-03,16.5,16.5,10.0,13.5,10.5,,,,,,11.40663,9.357850000000001,8.02185,11.17243,9.138,9.88418
2025-01-09,15.5,13.5,9.0,11.5,10.0,,,,,,9.652629999999998,8.9307,7.5947,10.495629999999998,8.462,9.2652
2025-01-16,15.5,13.5,10.0,11.5,9.5,,,,,,12.2935,8.0602,6.7242,9.66348,7.629,8.346530000000001
2025-01-23,13.0,13.5,9.0,11.0,9.0,,,,,,8.967,7.23885,5.90285,8.261299999999999,6.227,7.5309
2025-01-30,12.0,13.0,10.0,10.5,8.5,,,,,,6.97675,6.89855,5.56255,7.64593,5.612,6.85675
2025-02-06,13.0,13.0,9.5,9.5,9.0,,,,,,6.73275,9.25925,7.92325,8.20815,6.174,6.9797
2025-02-13,14.0,13.0,11.0,10.0,10.0,,,,,,5.8995,8.7648,7.4288,9.3658,7.332,8.18647
2025-02-20,16.0,13.0,15.5,10.5,10.0,,,,,,7.6025,10.2988,8.9628,10.94603,8.912,9.406979999999999
2025-02-27,15.0,13.0,15.5,10.75,10.0,,,,,,13.046,9.83105,8.495049999999999,11.40823,9.374,9.835700000000001
2025-03-06,13.0,13.5,15.5,11.75,11.0,,,,,,17.26675,8.9305,7.5945,10.92255,8.889,9.95918
2025-03-13,13.0,13.5,15.5,11.0,8.5,,,,,,23.992,11.69965,10.36365,11.30828,9.274,10.262030000000001
2025-03-20,13.0,10.5,16.5,11.0,8.5,,,,,,22.13913,12.217,10.881,12.77053,10.737,10.6715
2025-03-27,15.0,10.5,14.0,11.5,9.0,,,,,,20.95688,13.358649999999999,12.02265,12.72793,10.694,10.93275
2025-04-04,14.0,14.5,14.0,11.0,9.0,,,,,,18.40363,12.8239,11.4879,12.2781,10.244,11.02722
2025-04-10,14.0,14.5,13.0,11.5,9.0,,,,,,14.76788,10.7054,9.369399999999999,11.8885,9.855,10.541879999999999
2025-04-17,14.5,13.5,13.0,10.5,9.0,,,,,,13.91275,11.4602,10.1242,12.00558,9.972,10.23565
2025-04-24,15.0,12.0,12.0,9.0,9.0,,,,,,15.307129999999999,12.34535,11.00935,12.333549999999999,10.3,10.21353
2025-05-02,15.0,12.0,12.0,9.0,9.0,,,,,,17.24088,12.310049999999999,10.97405,12.07743,10.043,10.08015
2025-05-09,14.5,12.0,10.5,9.0,9.0,,,,,,14.16913,12.17315,10.83715,12.248149999999999,10.214,9.9746
2025-05-16,14.5,12.0,10.5,10.0,9.0,,,,,,16.73575,11.60755,10.27155,12.3575,10.324,9.967030000000001
2025-05-22,14.5,13.5,12.0,13.0,9.5,,,,,,15.605379999999998,11.41895,10.08295,12.4666,10.433,10.328280000000001
2025-05-30,15.0,18.0,12.25,15.0,9.5,,,,,,18.88538,10.07165,8.73565,12.0255,9.992,10.812719999999999
2025-06-06,15.0,18.0,12.25,15.0,9.5,,,,,,23.5715,11.209950000000001,9.87395,11.7957,9.762,10.80217
2025-06-12,15.0,18.5,10.0,17.5,11.0,,,,,,29.481,12.376149999999999,11.040149999999999,11.79505,9.761,10.847299999999999
2025-06-24,15.0,18.5,9.75,17.5,11.0,,,,,,23.36025,12.45515,11.11915,12.42473,10.391,11.3111
2025-06-26,18.0,18.5,9.0,17.0,11.0,,,,,,19.44675,13.21425,11.87825,12.6376,10.604,11.45108
2025-07-04,18.0,17.5,11.0,15.5,12.0,,,,,,15.38225,13.6825,12.3465,13.66803,11.634,11.3902
2025-07-11,18.0,17.0,10.5,14.5,12.5,,,,,,17.45275,16.743299999999998,15.4073,15.40818,13.374,11.604379999999999
2025-07-17,17.0,16.0,11.0,16.5,12.5,,,,,,25.05463,17.39855,16.062549999999998,16.8748,14.841,12.0663
2025-07-24,17.0,17.0,14.0,16.5,14.5,,,,,,31.42888,16.94035,15.60435,16.409580000000002,14.376,12.272950000000002
2025-08-08,17.0,16.5,12.75,14.5,14.5,,,,,,27.71638,14.711799999999998,13.3758,16.691380000000002,14.657,12.29395
2025-08-15,17.0,17.0,13.5,17.5,14.5,,,,,,27.323,14.600950000000001,13.26495,17.09998,15.066,12.570030000000001
2025-08-28,18.0,20.0,18.5,23.0,15.5,,,,,,23.91775,16.865,15.529,18.4662,16.432,13.5547
2025-09-04,18.0,19.0,17.0,20.0,15.5,,,,,,23.35488,15.8255,14.4895,18.46668,16.433,14.1518
2025-09-11,19.0,17.75,18.0,19.5,15.0,,,,,,25.218130000000002,17.98305,16.64705,18.754830000000002,16.721,14.4193
2025-09-18,19.0,17.75,20.0,22.0,15.0,,,,,,28.288130000000002,16.9277,15.591700000000001,18.861349999999998,16.827,14.5695
2025-09-26,19.0,20.0,22.0,23.5,16.0,,,,,,30.07625,16.48365,15.14765,18.697650000000003,16.664,15.12965
2025-10-02,21.0,19.75,22.5,23.5,16.0,,,,,,22.56175,15.16445,13.82845,18.401349999999997,16.367,15.547600000000001
2025-10-10,20.0,20.5,22.5,24.5,16.0,,,,,,23.2155,15.87335,14.53735,17.71873,15.685,15.712729999999999
2025-10-16,20.0,21.0,21.5,24.5,15.5,,,,,,25.35838,16.4327,15.0967,17.97175,15.938,15.89545
2025-10-24,20.0,19.75,21.5,22.0,16.0,,,,,,23.81138,17.31755,15.981549999999999,17.30273,15.269,15.81243
2025-10-31,18.0,17.75,18.5,20.0,16.0,,,,,,24.28838,16.38875,15.05275,16.76248,14.728,15.24268
2025-11-07,17.0,19.5,21.0,18.5,16.0,,,,,,27.7085,16.50085,15.16485,16.67825,14.644,14.582180000000001
2025-11-14,19.0,19.5,21.0,20.5,16.0,,,,,,26.968130000000002,17.071150000000003,15.735149999999999,17.79893,15.765,14.74535
2025-11-21,18.5,22.0,21.0,21.0,16.0,,,,,,30.291880000000003,17.353900000000003,16.0179,18.09765,16.064,14.7601
2025-11-28,20.0,22.0,20.0,21.0,16.0,,,,,,37.15813,17.5658,16.2298,18.215,16.181,14.88468
2025-12-05,20.0,20.25,21.0,22.0,16.0,,,,,,42.151129999999995,16.52965,15.19365,18.15363,16.12,15.14608
2025-12-12,20.0,20.0,20.0,23.5,14.0,,,,,,30.73075,15.1944,13.8584,17.33315,15.299,14.48158
2025-12-19,19.0,18.0,16.0,19.5,13.0,,,,,,30.05175,11.90815,10.572149999999999,15.441,13.407,13.43188
